name,url,category,custody,kyc,fee_type,fee_pct,fee_note,routes_via,native_btc,solana,chains,founded,status,status_note,notable,verified,source_url,checked
Alfacash,https://www.alfa.cash,instant-exchange,custodial,risk-based,unpublished,,No standard swap fee published (merchant service 0.5-3%); registered users save up to 10%,Own liquidity,true,,,,active,,Long-running instant exchange,false,https://www.alfa.cash/legal/terms-of-use,2026-10-10
ASGARDEX,https://www.asgardex.com,frontend,non-custodial,none,stated,0.3,"0.3% affiliate fee only on swaps over $1,001 (asks 0.6% on NEAR Intents routes so it nets 0.3% after the 1Click split); none on smaller swaps or LP actions","THORChain, Maya, Chainflip and NEAR Intents",true,,,2021,active,,Open-source desktop wallet for THORChain,true,https://github.com/asgardex/asgardex-desktop,2026-10-10
Atomic Wallet,https://atomicwallet.io,wallet,custodial,risk-based,route-only,,"No fee of its own claimed; the full cost is set by the route or partner, which can include a commission paid back to the app. Atomic adds no fee; the exchange partner (ChangeNOW) charges a provider fee shown before the swap; KYC can be requested on large swaps",ChangeNOW,true,true,,2017,active,,Desktop and mobile wallet with exchange partners,false,https://support.atomicwallet.io/article/90-the-process-of-exchange,2026-10-10
Backpack,https://backpack.app,wallet,non-custodial,none,route-only,,"No fee of its own claimed; the full cost is set by the route or partner, which can include a commission paid back to the app. 0% Backpack fee on swaps and bridges on every network since March 10, 2026; no spread markup; gas and bridge fees apply",Wormhole and aggregated bridge routes,false,true,14,,active,,Solana-first wallet from the Backpack exchange team,false,https://learn.backpack.exchange/blog/backpack-wallet-zero-fees-swaps-bridges,2026-10-10
Base App,https://base.app,wallet,non-custodial,none,stated,1.0,Up to 1% Base fee on swaps including cross-chain swaps; a Coinbase fee on bridges to any network other than Base,DEX aggregators and Socket (Bungee) for bridging,false,true,8,,active,,"Coinbase self-custody wallet, formerly Coinbase Wallet",true,https://help.coinbase.com/en/wallet/getting-started/dex-swap,2026-10-10
Binance Wallet,https://www.binance.com/en/web3wallet,wallet,non-custodial,none,unpublished,,TX fee shown on the confirmation screen; no percentage published,Binance Bridge and third-party bridge providers,,,,,active,,Binance self-custody (MPC) wallet inside the Binance app,false,https://www.binance.com/en/support/faq/what-is-binance-wallet-swap-7ebe19e8ff884cc09a9dbb064aff131f,2026-10-10
BitBox,https://bitbox.swiss,wallet,non-custodial,none,stated,1.5,"Flat 1.5% on each swap through SwapKit, plus network and provider costs",SwapKit (NEAR Intents),true,,,2026,active,,Swiss hardware wallet; swaps confirmed on the device (BitBoxApp 05.2026),true,https://support.bitbox.swiss/en_US/swap/swapkit-crypto-swap-bitboxapp,2026-10-10
Bitcoin.com Wallet,https://wallet.bitcoin.com,wallet,hybrid,risk-based,stated,2.0,"2% service fee on Verse DEX cross-chain swaps plus exchange and network fees (support article, mid-2025); CEX mode via SideShift and ChangeNOW","Verse DEX, SideShift, ChangeNOW, FixedFloat and others (14 providers)",true,,,,active,,Self-custody wallet from Bitcoin.com,true,https://support.bitcoin.com/en/articles/9172611-how-to-swap-across-chains-on-verse-dex,2026-10-10
Bitget Wallet,https://web3.bitget.com,wallet,non-custodial,none,unpublished,,"Platform fee charged as a percentage of the swap, shown in the quote; rate not published",Bridges and aggregators,,true,,2018,active,,Formerly BitKeep; cross-chain swaps,false,https://web3.bitget.com/en/docs/swap-order,2026-10-10
Brave Wallet,https://brave.com/wallet/,wallet,non-custodial,none,route-only,,"No fee of its own claimed; the full cost is set by the route or partner, which can include a commission paid back to the app. Brave says it adds no fee to swaps or bridges (2024 announcement); LI.FI route fees apply","LI.FI, NEAR Intents (since v1.88)",true,true,,,active,,"Browser-native wallet; NEAR Intents adds BTC, ZEC, Cardano",false,https://brave.com/blog/cross-chain-swaps/,2026-10-10
Bungee,https://www.bungee.exchange,aggregator,non-custodial,none,unpublished,,No current fee schedule published; older posts say Bungee charges users nothing; integrators can add feeBps,Socket: bridges and auction-based routes,,,40,2022,active,,Aggregator by Socket; auction mode,false,,2026-10-10
CacaoSwap,https://cacaoswap.app,frontend,non-custodial,none,unpublished,,No published affiliate rate; Maya front-ends may set up to 5% per swap,Maya Protocol,true,,,2023,active,,Maya Protocol front-end,false,,2026-10-10
Cake Wallet,https://cakewallet.com,wallet,hybrid,risk-based,unpublished,,Provider fee or spread built into the quote; no Cake fee stated,"ChangeNOW, Exolix, Trocador, SideShift, SwapTrade, LetsExchange, SimpleSwap, StealthEX, XOSwap; Chainflip, NEAR Intents, Jupiter, Swaps.xyz",true,,,,active,,Monero and Bitcoin wallet; Tor-only swaps; shielded ZEC via NEAR Intents,false,https://docs.cakewallet.com/support/swap,2026-10-10
Changee,https://changee.com,instant-exchange,custodial,risk-based,unpublished,,Commissions as low as 0.25% (About page); Changee blog puts typical all-in cost at 0.5-1.2%,Exchange partners,true,,,,active,,Instant exchange,false,https://changee.com/about-us,2026-10-10
ChangeHero,https://changehero.io,instant-exchange,custodial,risk-based,stated,0.5,"Up to 0.5% on best-rate swaps, up to 0.7% fixed-rate, spread and network fees on top (a ChangeHero test came to 1.3% all-in)",Exchange partners,true,true,,2018,active,,No-account instant exchange,true,https://changehero.io/blog/crypto-exchange-with-lowest-fees/,2026-10-10
Changelly,https://changelly.com,instant-exchange,custodial,risk-based,stated,0.25,"0.25% on floating-rate swaps (default), plus network fees; fixed-rate swaps carry a dynamic fee; flagged swaps need KYC",Exchange partners,true,true,,2015,active,,Long-running instant exchange,true,https://changelly.com/faq/changelly/fees/,2026-10-10
ChangeNOW,https://changenow.io,instant-exchange,custodial,risk-based,unpublished,,"Fee built into the quoted rate, no fixed percentage; its own comparison post says ChangeNOW does not disclose fees fully; partners earn a 0.4% revenue share",Own liquidity and exchange partners,true,true,,2017,active,,"No-account instant exchange, 1,000+ coins",false,https://changenow.io/faq/what-fees-are-there-during-an-exchange,2026-10-10
Coin98,https://coin98.com,wallet,non-custodial,none,stated,0.1,"SpaceGate bridge: 0.1% protocol fee on C98, SAROS, GSTS and some VIC routes, 0% on others, plus fixed withdraw fees; only listed tokens bridge",SpaceGate (own bridge) for listed tokens,,true,,,active,,Super Wallet with a token-limited cross-chain bridge,true,https://docs.coin98.com/products/coin98-super-wallet/mobile/swapx/faqs/faqs,2026-10-10
Coinomi,https://www.coinomi.com,wallet,custodial,risk-based,route-only,,"No fee of its own claimed; the full cost is set by the route or partner, which can include a commission paid back to the app. Coinomi charges nothing; exchange partners price their fee into the rate","Changelly, n.exchange",true,,,,active,,Long-running multi-coin wallet with built-in exchange partners,false,https://support.coinomi.com/support/solutions/articles/29000014182-exchanging,2026-10-10
CoW Swap,https://swap.cow.fi,aggregator,non-custodial,none,unpublished,,"Bridge cost set per quote by Across, Bungee or NEAR Intents; CoW protocol fees apply to the swap leg","CoW Protocol batch auctions plus Across, Bungee and NEAR Intents for the bridge leg",false,,,2021,active,,Intent-based DEX; cross-chain swaps via bridge partners,false,https://docs.cow.fi/cow-protocol/tutorials/cow-swap/swap-and-bridge,2026-10-10
Ctrl Wallet,https://ctrl.xyz,frontend,non-custodial,none,unpublished,,,THORChain and aggregators,true,true,,2021,inactive,"Permanently shut down on August 19, 2026 (notice on ctrl.xyz)",Formerly XDEFI; multi-chain wallet with swaps,false,,2026-10-10
CypherGoat,https://cyphergoat.com,exchange-aggregator,hybrid,risk-based,route-only,,"No fee of its own claimed; the full cost is set by the route or partner, which can include a commission paid back to the app. Adds no fee above exchange and network fees (typically 0.4-0.6% from the exchange); THORChain routes optional",20+ instant exchanges plus THORChain,true,,,,active,,Open-source privacy aggregator; runs without JavaScript,false,https://cyphergoat.com/blog/thorchain,2026-10-10
Defispot,https://www.defispot.com,frontend,non-custodial,none,unpublished,,,"THORChain, Maya, Chainflip",true,,,,inactive,defispot.com does not resolve; app.defispot.com returns 404,Cross-chain trading interface,false,,2026-10-10
dZap,https://dzap.io,aggregator,non-custodial,none,unpublished,,Fees page lists same-chain and cross-chain fees as TBD; the fee is shown per quote,Bridges and DEXes,true,true,80,,active,,Batch and cross-chain swap aggregator,false,https://docs.dzap.io/products/fees,2026-10-10
Edge Wallet,https://edge.app,wallet,non-custodial,none,unpublished,,Best price across providers; whether Edge adds a fee is not stated,"THORChain, Maya, Rango, LI.FI, SwapKit, 0x",true,,,,active,,Long-running self-custody wallet with THORChain streaming swaps,false,https://edge.app/blog/company-news/edge-rolls-out-thorchain-savers-and-dex-aggregator/,2026-10-10
El Dorito,https://www.eldorito.club,frontend,non-custodial,none,unpublished,,,"THORChain, Maya, Chainflip",true,,,2024,inactive,eldorito.club returns Framer 'Site Not Found',Community front-end for native swaps,false,,2026-10-10
Exch,https://exch.cx,instant-exchange,custodial,none,unpublished,,,Own liquidity,true,,,,inactive,exch.cx times out; the service announced its shutdown in 2025,Privacy exchange; announced shutdown in 2025,false,,2026-10-10
Exodus,https://www.exodus.com,wallet,hybrid,none,stated,0.5,"No line-item fee; Exodus takes a share of the provider spread, advertised as starting at 0.5% (Jan 2025). Funds go to the third-party exchange provider during the swap","Third-party exchange providers and XO Swap (DEXes, bridges, market makers)",true,true,,2015,active,,Desktop and mobile wallet with in-app exchange,false,https://www.exodus.com/support/en/articles/8611278-does-exodus-have-transaction-fees-to-send-or-receive,2026-10-10
Exolix,https://exolix.com,instant-exchange,custodial,risk-based,route-only,,"No fee of its own claimed; the full cost is set by the route or partner, which can include a commission paid back to the app. Terms say Exolix charges no fees because rates are fixed; the margin is in the quoted rate",Exchange partners,true,true,,,active,,No-account instant exchange,false,https://exolix.com/terms,2026-10-10
FixedFloat,https://ff.io,instant-exchange,custodial,risk-based,stated,0.5,"0.5% on floating-rate orders, 1% on fixed-rate, plus network fees, all built into the final rate",Own liquidity,true,true,,2018,active,,Fixed and floating-rate exchange,true,https://ff.io/en/faq,2026-10-10
Gem Wallet,https://gemwallet.com,wallet,non-custodial,none,unpublished,,Provider fee shown per quote; Gem pages conflict on whether Gem adds a fee,"20+ providers incl. THORChain, Chainflip, Relay, Mayan, Uniswap, Jupiter, OKX DEX",true,true,,,active,,Open-source wallet aggregating native cross-chain swaps,false,https://gemwallet.com/swap/,2026-10-10
Godex,https://godex.io,instant-exchange,custodial,risk-based,unpublished,,Built into the rate; Godex posts give about 0.8% all-in (older) and 1.67-2.14% all-in on BTC to ETH from its own rate data (2026),Exchange partners,true,true,,2018,active,,Fixed-rate instant exchange,false,https://godex.io/blog/godex-vs-changenow-which-is-actually-no-kyc-in-2026,2026-10-10
Guarda,https://guarda.com,wallet,custodial,risk-based,stated,0.5,"Guarda adds no fee; exchange partners take about 0.5% per swap, built into the rate",Instant-exchange partners,true,true,70,2017,active,,Multi-chain wallet with exchange partners,true,https://guarda.com/support/getting-started/what-fees-am-i-paying-for/,2026-10-10
Houdini Swap,https://houdiniswap.com,instant-exchange,custodial,risk-based,route-only,,"No fee of its own claimed; the full cost is set by the route or partner, which can include a commission paid back to the app. No direct user fee; Houdini earns rebates from partner exchanges, about 0.5% of volume per its whitepaper; private (two-exchange) swaps cost more",Two-hop exchange routing for privacy,true,true,,2022,active,,Privacy-focused swaps routed through two exchanges,false,https://docs.houdiniswap.com/houdini-swap/whitepaper/fee-structure,2026-10-10
imToken,https://token.im,wallet,hybrid,none,unpublished,,"Fee set by the bridge used: Bridgers (SWFT) 0.4%, Tokenlon Tron bridge 0.3% (5 USDT under 2,000), cBridge 0-0.04%; no imToken fee stated","Bridgers (SWFT), Tokenlon, cBridge, Router",,,,,active,,Long-running Ethereum and Tron wallet,false,https://support.token.im/hc/en-us/articles/36055702491673-How-to-use-Bridgers-in-imToken,2026-10-10
Jumper (LI.FI),https://jumper.xyz,aggregator,non-custodial,none,stated,0.25,LI.FI charges a 0.25% service fee on each transaction (taken from the sending token); one Jumper page says Jumper adds nothing on top of bridge fees,"LI.FI: bridges, DEXes and intent networks",,true,,2023,active,,Largest bridge-and-DEX aggregator front-end,true,https://docs.li.fi/faqs/fees-monetization,2026-10-10
KeepKey,https://keepkey.com,wallet,non-custodial,none,unpublished,,"Route, fees and slippage shown before signing; KeepKey fee not published","THORChain, Maya, Relay, 0x, Chainflip, ShapeShift",true,,,,active,,Open-source hardware wallet with built-in swaps in KeepKey Desktop,false,https://keepkey.com/product,2026-10-10
Keplr,https://www.keplr.app,wallet,non-custodial,none,unpublished,,Keplr acts as aggregator; no fee percentage published,"Skip:Go, Squid",,,,,active,,"Cosmos-first wallet with EVM, Bitcoin and Starknet support",false,https://terms-of-use.keplr.app/,2026-10-10
KyberSwap,https://kyberswap.com/cross-chain,aggregator,non-custodial,none,stated,0.1,"Cross-chain platform fee 0.05-0.25% by route and token volatility (EVM-EVM: 0.05% stables, 0.10% common, 0.15% exotic, 0.25% volatile); provider fee on top","NEAR Intents, Across, Relay, XY, deBridge, LI.FI, Mayan",true,true,,2021,active,,DEX aggregator with tiered cross-chain fees; same-chain swaps free,true,https://docs.kyberswap.com/kyberswap-solutions/fee-schedule,2026-10-10
Leap Wallet,https://www.leapwallet.io,wallet,non-custodial,none,unpublished,,,Skip:Go,,,,,inactive,leapwallet.io returns Framer Site Not Found; Gem Wallet published a migration guide for its shutdown,Cosmos wallet with cross-chain swaps,false,,2026-10-10
Ledger Wallet,https://shop.ledger.com/pages/ledger-wallet,wallet,hybrid,none,unpublished,,Quote = partner rate x (1 - Ledger fee - partner fee) - withdrawal fee; neither fee size is published,"15+ providers: Uniswap, 1inch, OKX DEX, NEAR Intents, THORChain (via SwapKit), Velora, Exodus, Changelly",true,true,,2019,active,,Formerly Ledger Live; hardware-wallet swaps through partners,false,https://developers.ledger.com/docs/ledger-live/exchange/swap/flow/quote,2026-10-10
LeoDex,https://leodex.io,aggregator,non-custodial,none,stated,0.45,"0.45% per swap, 0.35% above $100K, 0.15% above $1M; network fees shown in the quote","THORChain, Chainflip, Maya, NEAR Intents, Relay, deBridge, 1inch, Rango, Harbor and more (19 protocols)",true,true,60,2024,active,"Homepage says 60+ chains, protocols page says 25+",Compares every route across 19 protocols; shielded ZEC and confidential NEAR Intents swaps,true,https://leodex.io,2026-10-10
LetsExchange,https://letsexchange.io,instant-exchange,custodial,risk-based,unpublished,,"Own commission, provider commission and an AML fee built into the estimate; rate not published",Exchange partners,true,true,,,active,,No-account instant exchange,false,https://letsexchange.io/exchange/usdt-to-trx,2026-10-10
Magic Eden Wallet,https://wallet.magiceden.io,wallet,hybrid,none,stated,2.0,"2% platform fee on cross-chain swaps, 0.8% same-chain, included in the quote",XO Swap (Exodus),true,true,,,active,,NFT marketplace wallet; the highest published cross-chain fee in this list,true,https://help.magiceden.io/en/articles/9673665-how-to-swap-tokens-in-the-magic-eden-app,2026-10-10
Matcha,https://matcha.xyz,aggregator,non-custodial,none,stated,0.4,"0.40% on cross-chain swaps, 0.04% between stablecoins, plus gas (same-chain: 0.25%)",0x and bridge partners,false,true,13,2020,active,,0x's swap app with cross-chain swaps,true,https://help.matcha.xyz/articles/1222339831-are-there-any-fees-to-make-a-trade,2026-10-10
MetaMask,https://metamask.io,wallet,non-custodial,none,stated,0.875,"0.875% MetaMask fee on each bridge and cross-chain swap, on the value before fees",Bridge aggregation (several providers),,true,,2016,active,,Built-in swaps and bridge; 0.875% fee,true,https://support.metamask.io/manage-crypto/move-crypto/bridge/how-are-bridge-fees-calculated/,2026-10-10
OKX Wallet,https://web3.okx.com/dex-swap,wallet,non-custodial,none,stated,0.5,OKX DEX interface fee 0-0.5% by token group (0.5% for listed tokens against others); not stated whether bridge mode is covered; bridge fees on top,OKX DEX cross-chain aggregator,,true,30,2022,active,,OKX Web3 wallet and cross-chain DEX,false,https://web3.okx.com/dex-fees,2026-10-10
OpenOcean,https://openocean.finance,aggregator,non-custodial,none,unpublished,,No published cross-chain fee; route cost is bridge fee plus gas. Same-chain swaps: 0-0.1% by chain and pair,DEX aggregation plus bridges,true,true,40,2021,active,,Same-chain and cross-chain aggregator,false,https://docs.openocean.finance/products/cross-chain-swap,2026-10-10
PancakeSwap,https://pancakeswap.finance,aggregator,non-custodial,none,route-only,,"No fee of its own claimed; the full cost is set by the route or partner, which can include a commission paid back to the app. No PancakeSwap fee on crosschain swaps; pool trading fees on each chain and the bridge fee (Across, Relay for Solana) apply",PancakeSwap pools plus Across (EVM) and Relay (Solana),false,true,7,2020,active,,BNB Chain DEX with cross-chain swaps,false,https://docs.pancakeswap.finance/trade/crosschain-swaps,2026-10-10
Phantom,https://phantom.com,wallet,non-custodial,none,stated,0.85,0.85% Phantom fee on cross-chain swaps (via LI.FI) plus a typical 0.1-0.5% bridge fee and gas; no fee on swaps into CASH,"LI.FI (bridges), 0x and Jupiter for the swap legs",,true,,2021,active,,Solana-first wallet with cross-chain swaps,true,https://help.phantom.com/hc/en-us/articles/27085326202515-Swap-settings-in-Phantom,2026-10-10
Quickex,https://quickex.io,instant-exchange,custodial,risk-based,stated,0.5,"0.5% on floating-rate swaps, 1% fixed-rate, plus network fees",Exchange partners,true,,,,active,,Instant exchange,true,https://quickex.io/exchange-btc-runerune,2026-10-10
Rabby Wallet,https://rabby.io,wallet,non-custodial,none,unpublished,,No published swap or bridge fee,Bridge aggregators,,,,2022,active,,DeBank's wallet with built-in bridge,false,,2026-10-10
Rainbow,https://rainbow.me,wallet,non-custodial,none,unpublished,,Rainbow Fee line shown on the confirmation screen; rate not published; RNBW stakers get 25-100% cashback,Bridge aggregators,false,,,2020,active,,Ethereum wallet with bridging,false,https://rainbow.me/support/app/bridge-and-swap-tokens,2026-10-10
Rango Exchange,https://rango.exchange,aggregator,hybrid,none,route-only,,"No fee of its own claimed; the full cost is set by the route or partner, which can include a commission paid back to the app. 0% protocol fee; underlying provider, bridge and gas costs apply; apps built on Rango can add their own fee. Routes through SWFT can trigger KYC on large or flagged swaps","Bridges, DEXes, THORChain, Maya, some instant exchanges",true,true,80,2021,active,,Widest chain coverage among aggregators,false,https://rango.exchange/,2026-10-10
RocketX,https://www.rocketx.exchange,aggregator,hybrid,risk-based,stated,0.2,"Dynamic fee from $1 or 0.2% up to 0.4%, higher on some exchange routes (FAQ); RocketX blog posts also claim zero fee under $100","DEXes, bridges and CEX liquidity",true,true,200,2021,active,,Hybrid CEX/DEX aggregator,true,https://www.rocketx.exchange/,2026-10-10
Rubic,https://rubic.exchange,aggregator,hybrid,none,unpublished,,"No fixed published fee: a 2024 post says $2 per cross-chain swap, a 2026 post says no platform fee beyond provider quotes, RBC holders were exempt","Bridges, DEXes and custodial exchange partners",true,true,100,2020,active,,Aggregator incl. instant-exchange routes,false,https://docs.rubic.finance/rubic-api/monetization-and-fees,2026-10-10
SafePal,https://www.safepal.com,wallet,non-custodial,none,stated,0.2,Last published swap fee 0.2% (2023 campaign post; 0.3% in 2021); bridge provider fees on top,"deBridge, Orbiter and other providers in SafePal Swap",,,,,active,,Hardware and software wallet with in-app bridge,false,https://www.safepal.com/en/blog/usdc-campaign-swap-assets-into-usdc-with-zero-fees,2026-10-10
ShapeShift,https://app.shapeshift.com,frontend,non-custodial,none,unpublished,,"Fee falls with FOX holdings (FOX Discounts, Dec 2023); no current base rate published","THORChain, Chainflip, relayers and DEXes",true,true,,2014,active,,DAO-run multi-chain swap app,false,,2026-10-10
Shieldz Swap,https://swap.shieldz.cash,aggregator,non-custodial,none,stated,0.15,0.15% service fee shown on every quote; 0.05% on swaps of $500k or more (Chainflip routes stay 0.15%),"NEAR Intents, Chainflip, Relay (raced per quote)",true,true,45,2026,active,,"Races NEAR Intents, Chainflip and Relay per quote, shows every route and lets you pick; fee on every quote",true,https://swap.shieldz.cash/terms,2026-10-10
SideShift.ai,https://sideshift.ai,instant-exchange,custodial,risk-based,unpublished,,"Small service fee built into the quoted rate, not stated as a percentage; integrators earn 0.5% of volume",Own liquidity,true,true,,2018,active,,No-account shifts; geoblocks some countries,false,https://docs.sideshift.ai/api-intro/shift/,2026-10-10
SimpleSwap,https://simpleswap.io,instant-exchange,custodial,risk-based,unpublished,,All-in rate with no separate fee; may start from 0.2% for some assets; account holders get up to 20% off,Exchange partners,true,true,,2018,active,,No-account instant exchange,false,https://simpleswap.io/terms-of-service,2026-10-10
Skip:Go,https://go.skip.build,aggregator,non-custodial,none,unpublished,,API free; Skip takes 20-25% of any fee the integrating app sets; Go Fast routes pay solvers 0.10%,"IBC, CCTP, Axelar, Hyperlane",false,,,2024,active,,Cosmos-centred cross-chain routing,false,https://docs.skip.build/go/general/fee-info,2026-10-10
Squid Router,https://www.squidrouter.com,aggregator,non-custodial,none,unpublished,,Fee varies by route and asset; zero on stablecoin swaps; no fixed percentage published,"Axelar, CCTP, Chainflip and others",true,true,100,2022,active,,Cosmos and EVM cross-chain swaps,false,https://www.squidrouter.com/,2026-10-10
Stack Wallet,https://stackwallet.com,wallet,custodial,risk-based,unpublished,,Stack Wallet adds a tiny fee alongside the exchange partner; no percentage published,"ChangeNOW, Trocador",true,,,,active,,"Open-source privacy wallet (Monero, Firo, Epic)",false,https://stackwallet.com/,2026-10-10
StealthEX,https://stealthex.io,instant-exchange,custodial,risk-based,unpublished,,"Variable service fee as a percentage of the deposit, changeable at StealthEX discretion; API partners earn 0.4%",Exchange partners,true,true,,2018,active,,No-account instant exchange,false,https://stealthex.io/terms/,2026-10-10
Superbridge,https://superbridge.app,aggregator,non-custodial,none,route-only,,"No fee of its own claimed; the full cost is set by the route or partner, which can include a commission paid back to the app. No Superbridge fee on native or fast routes; the third-party bridge fee (Across, Hyperlane, Relay and others) and gas apply. Paid by rollup teams instead",Native rollup bridges plus fast-bridge partners,false,,,2023,active,,Bridge app for OP Stack and other rollups,false,https://help.superbridge.app/en/articles/9751872-across-bridge-fees-charges,2026-10-10
SushiSwap,https://www.sushi.com,aggregator,non-custodial,none,stated,0.35,"0.35% fee shown on the live cross-chain swap screen (an older FAQ says 0.25%), plus bridge and network fees",Sushi pools plus bridges (SushiXSwap),false,,,2020,active,,DEX with cross-chain swaps,true,https://www.sushi.com/cross-chain-swap,2026-10-10
SwapSpace,https://swapspace.co,exchange-aggregator,custodial,risk-based,route-only,,"No fee of its own claimed; the full cost is set by the route or partner, which can include a commission paid back to the app. No SwapSpace markup; 45+ providers each with their fee in the offer and a KYC-likelihood indicator",Compares instant exchanges,true,true,,2020,active,,Instant-exchange aggregator,false,https://swapspace.co/about,2026-10-10
Swapter,https://swapter.io,instant-exchange,custodial,risk-based,unpublished,,Internal service fee built into the quoted rate; no percentage published; KYC possible on large sums,Exchange partners,true,,,,active,,Instant exchange,false,https://swapter.io/currency-pair/BTC-ETH,2026-10-10
Swapzone,https://swapzone.io,exchange-aggregator,custodial,risk-based,route-only,,"No fee of its own claimed; the full cost is set by the route or partner, which can include a commission paid back to the app. 0% Swapzone fee; partner exchange fee built into each offer; earns referral commissions",Compares instant exchanges,true,true,,2020,active,,Instant-exchange aggregator,false,https://swapzone.io/,2026-10-10
Swing,https://swing.xyz,aggregator,non-custodial,none,unpublished,,,Bridges and DEXes,,,,2022,inactive,swing.xyz no longer resolves in DNS,Cross-chain aggregator and SDK,false,,2026-10-10
Tangem,https://tangem.com,wallet,custodial,risk-based,unpublished,,"Cross-chain swaps only through custodial providers, whose fees Tangem puts at 0.5-1.5%; Tangem fee not stated; 0% on stablecoin swaps via Changelly and ChangeHero","Changelly, ChangeNOW, ChangeHero, SimpleSwap (cross-chain); 1inch, OKX DEX, LI.FI, Jupiter (same-chain)",true,true,,,active,,Card-based hardware wallet with the Tangem Express swap,false,https://tangem.com/en/learning-hub/post/best-cross-chain-wallets-2026/,2026-10-10
THORSwap,https://app.thorswap.finance,frontend,non-custodial,none,stated,0.5,0.5% exchange fee on swaps over $100; free under $100; 50% off over $1M; up to 100% off for vTHOR/uTHOR holders,"THORChain, Maya, Chainflip, aggregators",true,,,2021,active,,Largest THORChain front-end,true,https://docs.thorswap.finance/thorswap/thorswap/fees,2026-10-10
THORWallet,https://www.thorwallet.org,frontend,non-custodial,none,stated,1.25,1.25% standard; 0.5% or 0.2% with TITN staking; free under $100; lower above $50k,THORChain and Maya,true,,,2021,active,,Mobile wallet and DEX on THORChain,true,https://www.thorwallet.org/titn,2026-10-10
TokenPocket,https://www.tokenpocket.pro,wallet,non-custodial,none,unpublished,,Transit Swap service fee shown per transaction; no rate published; TPT holders get discounts,Transit Swap aggregator,,true,,,active,,Multi-chain wallet with the Transit Swap cross-chain aggregator,false,https://help.tokenpocket.pro/en/wallet-operation/how-to-trade-on-dex/transit-swap,2026-10-10
Trezor Suite,https://trezor.io/trezor-suite,wallet,hybrid,risk-based,unpublished,,Dynamic provider pricing shown per offer; no percentage published,"ChangeHero, Changelly, ChangeNOW, Godex, SideShift.ai (custodial) and 1inch, LI.FI",true,true,,2020,active,,Hardware-wallet trade through partners,false,https://trezor.io/guides/sending-receiving-staking-funds/trading-crypto-in-trezor-suite/trade-crypto-in-trezor-suite,2026-10-10
Trocador,https://trocador.app,exchange-aggregator,custodial,risk-based,route-only,,"No fee of its own claimed; the full cost is set by the route or partner, which can include a commission paid back to the app. Trocador adds no fee; each partner exchange fee is in its quote; partners rated A-D for KYC risk; refund guarantee except on D-rated exchanges","Compares instant exchanges, rates KYC risk",true,true,,2022,active,,Privacy-focused instant-exchange aggregator,false,https://www.trocador.app/en/about/,2026-10-10
Trust Wallet,https://trustwallet.com,wallet,non-custodial,none,stated,0.7,"Trust Wallet 2026 comparison lists a 0.7% fee built into the rate; its swap FAQ says no service fee. Providers: THORChain, 1inch, Mimic, Axelar","THORChain, 1inch, Mimic, Axelar (and Harbor per its explorer)",,true,,2017,active,,Binance-backed multi-chain wallet,false,https://trustwallet.com/blog/company/best-mobile-crypto-wallets-2026,2026-10-10
Uniswap,https://app.uniswap.org,aggregator,non-custodial,none,route-only,,"No fee of its own claimed; the full cost is set by the route or partner, which can include a commission paid back to the app. Uniswap Labs interface fee 0% since Dec 27, 2025; the Across relayer fee and pool fees apply","Across (cross-chain), Uniswap pools",false,false,11,2018,active,,Cross-chain swaps between EVM chains in the Uniswap app,false,https://support.uniswap.org/hc/en-us/articles/20131678274957-What-are-Uniswap-Labs-fees,2026-10-10
UniversalX,https://universalx.app,aggregator,non-custodial,none,unpublished,,No published rate; Particle 2025 review figures ($59.4K daily fees on $5.9M daily volume) imply about 1%,Particle Network universal accounts,false,true,16,2024,active,,Chain-abstracted trading from one balance,false,https://blog.particle.network/2025-review/,2026-10-10
Unizen,https://unizen.io,aggregator,non-custodial,none,unpublished,,,DEXes and bridges,,,,2021,inactive,unizen.io serves an invalid TLS certificate,Cross-chain trade aggregator,false,,2026-10-10
Unstoppable Wallet,https://unstoppable.money,wallet,non-custodial,none,route-only,,"No fee of its own claimed; the full cost is set by the route or partner, which can include a commission paid back to the app. Unstoppable charges no extra fee for swapping; protocol costs apply","THORChain, NEAR Intents, 1inch",true,,,,active,,Open-source privacy wallet with THORChain swaps,false,https://unstoppable.money/faq,2026-10-10
Velora,https://www.velora.xyz,aggregator,non-custodial,none,unpublished,,API default 0.01% (anonymous partner key); integrators set up to 2%; the app shows swap fees per quote,Velora Delta intents and bridges,false,false,8,2021,active,,Formerly ParaSwap; crosschain swaps,false,https://www.velora.xyz/docs/api-reference/delta/quote,2026-10-10
Vultisig,https://vultisig.com,frontend,non-custodial,none,stated,0.5,0.50% on swap output; VULT holdings cut it in six tiers down to 0%,"THORChain, Maya, LI.FI",true,true,,2024,active,,Seedless MPC vault wallet with native swaps,true,https://vultisig.com/vult,2026-10-10
Xverse,https://www.xverse.app,wallet,custodial,risk-based,unpublished,,Xverse Swap fee plus Changelly liquidity-provider fee shown per quote; no rate published; fixed 10% slippage tolerance,Changelly (EVM and Solana to BTC),true,true,,,active,,Bitcoin-first wallet; cross-chain swaps into BTC run through Changelly,false,https://support.xverse.app/hc/en-us/articles/32575847953165-How-to-Swap-from-ETH-SOL-to-BTC-in-Xverse,2026-10-10
XY Finance,https://xy.finance,aggregator,non-custodial,none,stated,0.035,"0.035% XY fee charged on the target chain (min $0.19-$15, max $1,000), per a 2023 fee post; no current schedule",Own liquidity (XY) and third-party bridges,false,false,20,2021,active,,Cross-chain swap aggregator,false,https://blog.xy.finance/feestructure/,2026-10-10
Zengo,https://zengo.com,wallet,hybrid,risk-based,unpublished,,Help center says up to 4% processing fee; product page says 0.5% plus a spread; liquidity fees on top,"Changelly, THORChain, Swaps.xyz",true,,,,active,,Keyless MPC wallet,false,https://help.zengo.com/en/articles/4082376-how-does-swap-work,2026-10-10
Zerion,https://zerion.io,wallet,non-custodial,none,stated,0.67,"0.67% service fee on swaps and bridges (0.25% with Premium, 0% for Gold DNA holders); API docs still say 0.8%",LI.FI,,true,,2016,active,,Portfolio wallet with cross-chain swaps,true,https://help.zerion.io/en/articles/4813752-understanding-fees-on-zerion,2026-10-10
