name,url,fee_pct,fee_note,custody,kyc,coins,settlement_fiat,lightning,founded,notable,verified,source_url,study_cohort
Shieldz,https://shieldz.cash,0,$0 platform fee; buyer pays network gas,non-custodial,none,20,false,false,2026,"Non-custodial, $0 fee, no KYC; pay any coin, settle in one",true,https://shieldz.cash/pricing,true
BitPay,https://bitpay.com,2,2% + $0.25; 1% + $0.25 at $1M+/mo,custodial,required,20,true,true,2011,Oldest major crypto processor; daily fiat bank settlements,true,https://bitpay.com/pricing,true
Coinbase Commerce,https://www.coinbase.com/commerce,1,1% per transaction,hybrid,required,10,true,false,2018,"Shut down March 2026; successor Coinbase Business is custodial, US/SG only",true,https://www.coinbase.com/commerce,true
CoinGate,https://coingate.com,1,1% per transaction,custodial,required,70,true,true,2014,EU-based gateway; Lightning enabled by default,true,https://www.coingate.com/pricing,true
NOWPayments,https://nowpayments.io,0.5,0.5% per transaction; volume discounts,non-custodial,optional,350,true,false,2019,Auto-forwarding with 350+ supported currencies,true,https://nowpayments.io/pricing,true
CoinPayments,https://www.coinpayments.net,0.5,"0.5% coins, 1% tokens, plus network fees",custodial,required,100,true,false,2013,Veteran multi-coin processor operating since 2013,true,https://www.coinpayments.net/help-fees,true
OpenNode,https://opennode.com,1,1% per transaction; free Lightning withdrawals,custodial,required,1,true,true,2018,"Bitcoin-only, Lightning-first processor",true,https://opennode.com/pricing/,true
BTCPay Server,https://btcpayserver.org,0,0% fees; you pay your own hosting,self-hosted,none,1,false,true,2017,Free open-source self-hosted processor; altcoins via plugins,true,https://btcpayserver.org/,true
Blockonomics,https://www.blockonomics.co,1,1% per transaction; first 20 free,non-custodial,none,3,false,false,2015,Direct-to-wallet Bitcoin payments with no KYC,true,https://www.blockonomics.co,true
CoinsPaid,https://coinspaid.com,0.8,~0.8% typical; quoted per merchant,custodial,required,20,true,false,2014,High-volume processor favored by iGaming merchants,false,https://coinspaid.com,true
Confirmo,https://confirmo.com,0.8,0.8% invoicing; 0.5% payouts,custodial,required,10,true,true,2014,MiCA-licensed stablecoin-first EU gateway,true,https://confirmo.com,true
Plisio,https://plisio.net,0.5,0.5% gateway fee,custodial,none,12,false,false,2018,No-KYC signup with a single flat 0.5% fee,true,https://plisio.net/pricing,true
Cryptomus,https://cryptomus.com,2,2% standard; negotiable to 0.4%,custodial,required,120,false,false,2022,Negotiable fees; popular with high-risk and SaaS merchants,true,https://cryptomus.com/fees/payment,true
Binance Pay,https://pay.binance.com,0,0% payments; 0.8% payouts (cap $5),custodial,required,100,true,false,2021,Zero-fee payments inside the Binance ecosystem,true,https://pay.binance.com,true
TripleA,https://www.triple-a.io,0.8,"0.8% per transaction, volume-tiered",custodial,required,6,true,true,2017,First MAS-licensed crypto payments firm; bank-grade settlement,true,https://www.triple-a.io,true
Alchemy Pay,https://alchemypay.org,1,custom; reported ~0.8-2.5%,custodial,required,5,true,false,2017,Hybrid fiat-crypto ramp network across 173 countries,false,https://alchemypay.org,true
xMoney,https://www.xmoney.com,1,1% flat with instant fiat settlement,custodial,required,10,true,false,2017,Formerly Utrust; MiCA-aligned EU crypto payments,true,https://www.xmoney.com,true
B2BinPay,https://b2binpay.com,0.4,from 0.4%; 0.05% enterprise,custodial,required,300,true,false,2017,"Enterprise processor for brokers, exchanges, iGaming",true,https://b2binpay.com,true
Mercuryo,https://mercuryo.io,1,~1% acceptance; ramp fees higher,custodial,required,40,true,false,2018,On/off-ramp infrastructure embedded in major web3 wallets,false,https://mercuryo.io,true
Whitepay,https://whitepay.com,1,1% base fee,custodial,required,200,true,false,2020,WhiteBIT-powered POS; known for Ukraine crypto donations,true,https://whitepay.com/product/crypto-acquiring,true
SpectroCoin,https://spectrocoin.com,1,1% per paid order,custodial,required,30,true,false,2013,Lithuanian exchange-wallet combo with merchant tools,true,https://docs.spectrocoin.com/docs/fees,true
ALFAcoins,https://www.alfacoins.com,0.99,0.99% per transaction,custodial,optional,10,false,false,2013,Veteran processor; fiat-pegged settlements paid in crypto,true,https://www.alfacoins.com/merchant,true
CoinRemitter,https://coinremitter.com,0.23,0.23% on withdrawal only,custodial,none,13,false,false,2018,No-KYC gateway with a 0.23% headline fee,true,https://coinremitter.com/fees,true
MyCryptoCheckout,https://mycryptocheckout.com,0,0% fees; $49/yr unlimited plan,non-custodial,none,100,false,false,2017,"WordPress plugin, direct wallet-to-wallet payments",true,https://mycryptocheckout.com,true
Whalestack,https://www.whalestack.com,0.5,0.5% settlement fee,custodial,required,6,true,true,2019,"Formerly COINQVEST; EU-licensed, Stellar settlements",true,https://www.whalestack.com/en/pricing,true
Bitpace,https://www.bitpace.com,1,unpublished; ~0.5-1% custom,custodial,required,70,true,false,2016,EU/UK-licensed gateway popular in iGaming,false,https://www.bitpace.com,true
Radom,https://radom.com,0.5,0.5% + $0.50 per transaction,hybrid,required,12,true,false,2022,Regulated EU VASP; subscriptions and invoicing,true,https://radom.com/pricing,true
BoomFi,https://www.boomfi.xyz,1,1% + $0.25 crypto; 2% + $0.25 to fiat,non-custodial,required,10,true,false,2022,Non-custodial gateway with subscriptions and off-ramp,true,https://docs.boomfi.xyz/docs/pricing-and-fees,true
Loop Crypto,https://www.loopcrypto.xyz,1,1% per transaction,non-custodial,optional,10,true,false,2021,Crypto autopay subscriptions with Stripe integration,true,https://www.loopcrypto.xyz,true
Copperx,https://copperx.io,0.5,~0.5% per transaction,custodial,required,5,true,false,2022,Stablecoin-first; settles to 50+ fiat currencies,true,https://copperx.io/pricing,true
Request Finance,https://www.request.finance,0,SaaS plans; 0.95-1.5% off-ramp,non-custodial,optional,100,true,false,2020,"Crypto invoicing, payroll and AP/AR suite",true,https://www.request.finance,true
DePay,https://depay.com,1.5,1.5% flat; 0% self-hosted open source,non-custodial,none,1000,false,false,2020,Web3 payments with on-the-fly token conversion,true,https://depay.com/pricing,true
Sphere,https://spherepay.co,0.5,0.5% + $0.05 per transaction,custodial,required,3,true,false,2022,Solana-born stablecoin ramps with ACH/SEPA/PIX rails,true,https://spherepay.co,true
Helio (MoonPay),https://www.hel.io,2,2% standard; 1% with HelioX,non-custodial,optional,100,false,false,2022,Solana checkout leader; acquired by MoonPay,true,https://www.hel.io/pricing,true
Zaprite,https://zaprite.com,0,$25/mo flat; 0% platform fee,non-custodial,none,2,true,true,2018,Bitcoin invoicing that connects your own wallets,true,https://zaprite.com/pricing,true
Strike Business,https://strike.me/business/,0,0% processing; 0.49-1.29% fiat conversion,custodial,required,2,true,true,2020,Lightning payments pioneer,true,https://strike.me/business/,true
Speed,https://www.tryspeed.com,1,1% per transaction,custodial,optional,3,true,true,2022,Lightning plus USDT/USDC with instant autoswap,true,https://www.tryspeed.com/pricing/,true
OxaPay,https://oxapay.com,0.4,from 0.4% per transaction,custodial,none,20,false,false,2022,No-KYC email signup; Telegram-friendly,true,https://oxapay.com/,true
Trybit (ex-CryptoCloud),https://trybit.com,0.4,from 0.4% per transaction,custodial,required,40,false,false,2021,Rebranded to Trybit in 2026; auto-convert to USDT,true,https://trybit.com/,true
Stripe (Pay with Crypto),https://stripe.com/crypto,1.5,"1.5% per transaction, no fixed fee",custodial,required,3,true,false,2024,Stablecoin checkout settling into the Stripe balance,true,https://docs.stripe.com/crypto/pay-with-crypto,true
Solana Pay,https://solanapay.com,0,open protocol; network fees only,non-custodial,none,2,false,false,2022,Open-source direct merchant payment protocol,true,https://solanapay.com/,true
Flexa,https://flexa.co,1,1% per payment,custodial,required,99,true,true,2019,In-store crypto acceptance network across 13 chains,true,https://flexa.co/payments,true
IVPAY (ex-ivendPay),https://ivpay.io,1,0.2-1% by volume,custodial,required,40,true,false,2018,Crypto POS and vending-machine payments,false,https://ivpay.io/,true
0xProcessing,https://0xprocessing.com,1,custom volume-based; unpublished,custodial,required,85,true,false,2021,85+ coins on 18 chains; volatility protection,false,https://0xprocessing.com,true
PayKassa,https://paykassa.pro,4,0% to accept; 4% on payout,custodial,none,16,true,false,2019,Email-only signup aggregator popular in CIS markets,true,https://paykassa.pro/en/accept/,true
HoodPay,https://hoodpay.io,1,1% + $0.10; 0.25% direct wallet,hybrid,none,20,false,false,2022,No-KYC checkout favored by digital-goods sellers,true,https://hoodpay.io,true
Sellix,https://sellix.io,5,up to 5% on free plan,custodial,none,13,false,false,2020,Digital-goods storefront platform with crypto checkout,false,https://sellix.io,true
Bitcart,https://bitcart.ai,0,"free open source, 0% fees",self-hosted,none,50,false,true,2019,Open-source BTCPay alternative; 50+ coins incl. Monero,true,https://bitcart.ai/,true
Coinbase Payments,https://www.coinbase.com/payments,0,no gateway fee; USDC on Base via Shopify,hybrid,required,1,true,false,2025,Onchain USDC for Shopify merchants; distinct from Commerce,true,https://www.coinbase.com/payments,true
BlockBee,https://blockbee.io,1,"1% standard, to 0.25% with volume",non-custodial,none,70,false,false,2018,Formerly CryptAPI; payment forwarding to your wallet,true,https://blockbee.io/fees/,true
Aurpay,https://aurpay.net,0.8,"0.8% per transaction, to 0.5% at volume",non-custodial,optional,8,false,true,2021,"Non-custodial, stablecoin settlement, Lightning support",true,https://aurpay.net/aurspace/crypto-payment-gateway-fees-compared-2026/,false
Paymento,https://paymento.io,0.5,"Free up to $20k volume, then 0.5%",non-custodial,none,15,false,false,2024,"XPUB-based, funds direct to merchant wallet",true,https://paymento.io/fees-and-pricing/,false
PayRam,https://www.payram.com,0,0% processing; optional orchestration up to 2.5%,self-hosted,none,20,false,false,2023,"Self-hosted non-custodial gateway, iGaming-popular",true,https://www.payram.com/white-label,false
XAIGATE,https://www.xaigate.com,0.2,"First 500 tx/mo free, then 0.2%",non-custodial,none,50,false,false,2023,Very low fee; WooCommerce/PrestaShop plugins,true,https://www.xaigate.com/low-fee-crypto-payment-gateway/,false
PassimPay,https://passimpay.io,0.5,From 0.5% per tx; +0.2% auto-conversion,custodial,required,74,true,false,2022,"74+ coins, 18+ chains, SEPA EUR settlement",true,https://passimpay.io/en,false
PayGate.to,https://paygate.to,1.5,1.5% flat + blockchain fees,non-custodial,none,50,false,false,2022,"No signup, instant forwarding to merchant wallet",true,https://paygate.to/crypto-payment-gateway-no-kyc-instant-payouts/,false
MaxelPay,https://www.maxelpay.com,0.4,"0.4% per transaction, no monthly fee",non-custodial,none,300,false,false,2023,"No-KYC, own payout wallet, white-label",true,https://www.maxelpay.com/,false
EukaPay,https://eukapay.com,1,Custom pricing at onboarding; ~1% typical,custodial,required,20,true,true,2021,"Canadian FINTRAC MSB, multi-fiat settlement, Lightning",false,https://eukapay.com/products/crypto-payment-gateway,false
DV.net,https://dv.net,0,0% commission; on-chain network fees only,self-hosted,none,50,false,false,2023,"Open-source self-hosted, merchant owns wallets and seed",true,https://github.com/dv-net/dv-merchant,false
ATLOS,https://atlos.io,0,0% transaction fees; on-chain network costs only,non-custodial,none,11,false,false,2023,"Permissionless no-KYC gateway, direct to Web3 wallet, 11 chains incl. Monero",false,https://atlos.io/,false
Cryptadium,https://cryptadium.com,0.9,"Below 0.9%, down to 0.7% for high volume",custodial,required,50,true,false,2022,"Enterprise e-commerce focus, volume discounts",false,https://cryptadium.com/blog/1091,false
Oobit,https://www.oobit.com,1,"1% per tap, $0.25 min, +~0.5% spread",non-custodial,required,6,true,false,2019,"Tap-to-pay crypto at Visa terminals, fiat settlement",true,https://www.cryptocards.so/en/card/oobit-tap-pay,false
CoinsBuy,https://coinsbuy.com,1,From ~1% per transaction; enterprise volume pricing,custodial,required,40,true,true,2019,"Panama-based enterprise processor, USDT on 9 chains",false,https://www.crunchbase.com/organization/coinsbuy,false
Coinify,https://www.coinify.com,0,No merchant processing fee; margin on customer rate,custodial,required,20,true,false,2014,"Danish processor, weekly EUR/BTC payouts",true,https://help.coinify.com/hc/en-us/articles/360014078380-Merchant-fees,false
Cryptopay Business,https://cryptopay.me/business,1,Per-transaction fee quoted on signup,custodial,required,19,true,false,2013,"London-based, next-day bank settlement",false,https://cryptopay.me/business/,false
Bit2Me Commerce,https://bit2me.com/suite/commerce,1.95,1.95% per transaction; custom at volume,custodial,required,50,true,false,2014,"Spanish exchange gateway, auto EUR to bank",true,https://support.bit2me.com/en/support/solutions/articles/35000201787,false
Bitnovo Pay,https://www.bitnovo.com/en/pay,1,Below 1% per transaction,custodial,required,6,true,false,2015,"Valencia-based, price locked at transaction, EUR settlement",false,https://www.bitnovo.com/en/pay,false
GoUrl,https://gourl.io,1.5,1.5% on website payments,non-custodial,none,10,false,false,2014,"Open-source, direct-to-wallet, WordPress plugin",true,https://gourl.io/,false
RocketFuel,https://rocketfuel.inc,1,"As low as 1%, next-day fiat settlement",custodial,required,160,true,false,2018,"US-listed (RKFL), one-click checkout, 160+ coins",false,https://rocketfuel.inc/crypto-payments/,false
Salamantex,https://salamantex.com,1,1% to 1.95% by volume and settlement choice,hybrid,required,8,true,false,2017,"Austrian POS terminals, crypto or EUR at checkout",false,https://salamantex.com/en/salamantex-crypto-payment-service,false
Finrax,https://finrax.com,1,"Low processing fee, mid-market rates",custodial,required,50,true,false,2018,"Estonia-licensed B2B gateway, hosted checkout + API",false,https://finrax.com/,false
GoCrypto,https://gocrypto.com,0.9,~0.9% merchant fee; POS and online via Eligma,custodial,required,50,true,false,2017,Slovenian POS-focused crypto acceptance,false,https://gocrypto.com,false
UniPayment,https://unipayment.io,0.8,"Low flat fee, no setup/monthly",custodial,required,30,true,false,2020,Hybrid fiat/crypto gateway for brokers and e-commerce,false,https://unipayment.io,false
SpicePay,https://www.spicepay.com,1,Fee never exceeds 1%,custodial,required,5,true,false,2013,"Long-running BTC processor, PayPal/bank payouts",true,https://www.spicepay.com/accept-payments/,false
CryptoChill,https://cryptochill.com,1,Flat 1% on incoming transactions,custodial,optional,20,false,true,2018,"Gateway + custodial wallets, API, Lightning",false,https://cryptochill.com,false
Wallet Pay,https://pay.wallet.tg,1,Beta ~1-3%; free for direct transfers,custodial,optional,3,false,false,2023,TON-based acceptance inside Telegram Wallet,false,https://pay.wallet.tg,false
Bybit Pay,https://www.bybit.com/en/bybitpay/,0,No base fee; 1% conversion when swapping to USDT,custodial,required,100,true,false,2024,"Exchange-backed merchant payments, zero base fee",true,https://www.bybit.com/en/help-center/article/FAQ-Bybit-Pay,false
KuCoin Pay,https://www.kucoin.com/pay,0,"Off-chain zero gas, minimal on-chain, instant settle",custodial,required,50,true,false,2025,"Exchange merchant tool, off-chain internal settlement",false,https://www.kucoin.com/pay,false
Bitget Pay,https://www.bitget.com,0,No stated merchant fee; real-time crypto-to-fiat,custodial,required,3,true,false,2024,USDT QR Scan to Pay across SE Asia and LatAm,false,https://www.bitget.com/blog/articles/bitget-scan-to-pay-usdt-qr-payments,false
Gate Pay,https://www.gate.com/pay,0,Advertised low/zero; tiers unpublished,custodial,required,300,true,false,2021,"Gate.io exchange merchant acceptance, 300+ coins",false,https://www.gate.com/pay,false
Kraken Pay,https://blog.kraken.com/product/kraken-pay,0,Free peer/paylink; conversion at market rate,custodial,required,300,true,false,2025,"Paylinks and Kraktag payments, 300+ assets",true,https://blog.kraken.com/product/kraken-pay,false
WhiteBIT Pay,https://whitebit.com,0.5,Under half of typical acquiring; next-day settle,custodial,required,200,true,false,2022,"EU-regulated exchange gateway, powers Whitepay",false,https://blog.whitebit.com/en/whitebit-pay-how-does-it-work/,false
Crypto.com Pay,https://crypto.com/pay-merchant,0.5,Zero tx fee; 0.5% settlement fee,custodial,required,20,true,false,2019,"Shopify-integrated acceptance, multi-fiat settlement",true,https://crypto.com/en/pay-merchant,false
BVNK,https://www.bvnk.com/payments,1,1% transaction fee; platform/min fees may apply,custodial,required,10,true,false,2021,"Stablecoin acceptance infra, acquired by Mastercard 2026",true,https://docs.bvnk.com/bvnk/get-started/charge-customer-fees/,false
PYMSTR,https://pymstr.com,1,Flat 1% only; no setup/payout/conversion fees,non-custodial,none,2,false,false,2024,Non-custodial USDC/USDT direct to merchant wallet,true,https://pymstr.com/pricing,false
Nuvei Pay with Crypto,https://www.nuvei.com/apm/pay-with-crypto,1,Negotiated merchant pricing; converts to fiat,custodial,required,40,true,false,2021,"Enterprise acquirer crypto acceptance, 200+ markets",false,https://www.nuvei.com/solutions/crypto-digital-assets,false
